{
  "compute-1-1": {
    "arrTemperatureCPU1": [
      63,
      62,
      62,
      62,
      62,
      62,
      62,
      63,
      63,
      65,
      63,
      63,
      62,
      62,
      63,
      62,
      62,
      62,
      62,
      62
    ],
    "arrTemperatureCPU2": [
      50,
      49,
      49,
      49,
      49,
      49,
      49,
      50,
      50,
      52,
      50,
      50,
      49,
      49,
      50,
      49,
      49,
      49,
      49,
      49
    ],
    "arrCPU_load": [
      0.500556,
      0.500556,
      0.500278,
      0.500556,
      0.500556,
      0.5,
      0.500417,
      0.500417,
      0.500278,
      0.500556,
      0.500556,
      0.500417,
      0.500417,
      0.500556,
      0.500278,
      0.500278,
      0.500833,
      0.500694,
      0.500694,
      0.500417
    ],
    "arrFans_speed1": [
      9590,
      9450,
      9450,
      9450,
      9450,
      9450,
      9450,
      9800,
      9660,
      9660,
      9450,
      9450,
      9450,
      9450,
      9450,
      9450,
      9450,
      9450,
      9450,
      9450
    ],
    "arrFans_speed2": [
      9450,
      9450,
      9450,
      9450,
      9450,
      9450,
      9450,
      9660,
      9660,
      9660,
      9450,
      9450,
      9590,
      9450,
      9450,
      9450,
      9450,
      9450,
      9450,
      9450
    ],
    "arrMemory_usage": [
      92.58,
      92.57,
      92.57,
      92.57,
      92.58,
      92.57,
      92.57,
      92.57,
      92.57,
      92.57,
      92.55,
      92.55,
      92.58,
      92.57,
      92.57,
      92.57,
      92.57,
      92.57,
      92.57,
      92.57
    ]
  },
  "compute-1-10": {
    "arrTemperatureCPU1": [
      55,
      55,
      55,
      54,
      55,
      55,
      55,
      55,
      55,
      54,
      54,
      59,
      54,
      54,
      54,
      54,
      54,
      54,
      54
    ],
    "arrTemperatureCPU2": [
      43,
      43,
      43,
      43,
      43,
      43,
      44,
      44,
      43,
      43,
      43,
      46,
      43,
      43,
      43,
      43,
      43,
      43,
      43
    ],
    "arrCPU_load": [
      0.500139,
      0.500556,
      0.500556,
      0.5,
      0.5,
      0.499861,
      0.500417,
      0.500417,
      0.500417,
      0.5,
      0.5,
      0.499861,
      0.499861,
      0.499861,
      0.5,
      0.5,
      0.499583,
      0.500417,
      0.500417
    ],
    "arrFans_speed1": [
      11060,
      11060,
      10850,
      11060,
      11060,
      11060,
      11060,
      11060,
      10710,
      10710,
      11550,
      11270,
      11270,
      11130,
      11270,
      11270,
      null,
      null,
      11130
    ],
    "arrFans_speed2": [
      10920,
      10920,
      10640,
      11060,
      11060,
      10920,
      11060,
      11060,
      10640,
      10640,
      11480,
      11130,
      11130,
      11130,
      11130,
      11130,
      null,
      null,
      11130
    ],
    "arrMemory_usage": [
      92.96,
      92.98,
      92.98,
      92.98,
      92.98,
      92.98,
      92.98,
      92.98,
      92.98,
      92.98,
      92.98,
      92.98,
      92.98,
      92.98,
      92.98,
      92.98,
      92.98,
      92.98,
      92.98
    ]
  },
  "compute-1-11": {
    "arrTemperatureCPU1": [
      34,
      34,
      34,
      34,
      34,
      34,
      34,
      34,
      34,
      35,
      35,
      35,
      34,
      34,
      34,
      34,
      34,
      34,
      34
    ],
    "arrTemperatureCPU2": [
      29,
      29,
      29,
      30,
      30,
      30,
      30,
      30,
      30,
      31,
      31,
      30,
      29,
      29,
      29,
      29,
      29,
      29,
      29
    ],
    "arrCPU_load": [
      0.000139,
      0.000139,
      0.000278,
      0.000278,
      0.000278,
      0.000139,
      0.000139,
      0.000139,
      0.000278,
      0.000972,
      0.000972,
      0.000139,
      0.000139,
      0.000972,
      0.000278,
      0.000278,
      0.000139,
      0.000556,
      0.000556
    ],
    "arrFans_speed1": [
      11060,
      11060,
      11060,
      11060,
      11060,
      11060,
      11060,
      11060,
      11830,
      11830,
      11060,
      11060,
      11270,
      11270,
      11270,
      11130,
      11130,
      11130,
      11130
    ],
    "arrFans_speed2": [
      10920,
      10920,
      11060,
      11060,
      10920,
      11060,
      11060,
      11060,
      11760,
      11760,
      11060,
      11060,
      11130,
      11130,
      11130,
      11130,
      11060,
      11060,
      11130
    ],
    "arrMemory_usage": [
      93.32,
      93.32,
      93.32,
      93.32,
      93.32,
      93.32,
      93.32,
      93.32,
      93.32,
      93.32,
      93.32,
      93.32,
      93.32,
      93.32,
      93.32,
      93.32,
      93.32,
      93.32,
      93.32
    ]
  }   
}
